{"cameraMode":{"drawMode":0,"name":"Shaded","section":"Shading Mode"},"sceneLighting":true,"audioPlay":false,"sceneViewState":{"showFog":false,"showMaterialUpdate":false,"showSkybox":false,"showFlares":false,"showImageEffects":false,"showParticleSystems":false},"in2DMode":false,"pivot":{"x":70.8565673828125,"y":14.462220191955567,"z":992.2410888671875},"rotation":{"x":0.006029556505382061,"y":-0.6618801951408386,"z":0.004504926037043333,"w":0.7497644424438477},"size":2.973492383956909,"orthographic":false}