{"cameraMode":{"drawMode":0,"name":"Shaded","section":"Shading Mode"},"sceneLighting":false,"audioPlay":false,"sceneViewState":{"showFog":false,"showMaterialUpdate":false,"showSkybox":false,"showFlares":false,"showImageEffects":false,"showParticleSystems":false},"in2DMode":false,"pivot":{"x":2.4450395107269289,"y":1.312143325805664,"z":0.9462699294090271},"rotation":{"x":-0.0547436848282814,"y":0.8467352390289307,"z":-0.08764047920703888,"w":-0.5221666693687439},"size":0.8660253882408142,"orthographic":false}