{"cameraMode":{"drawMode":0,"name":"Shaded","section":"Shading Mode"},"sceneLighting":false,"audioPlay":false,"sceneViewState":{"showFog":false,"showMaterialUpdate":false,"showSkybox":false,"showFlares":false,"showImageEffects":false,"showParticleSystems":false},"in2DMode":false,"pivot":{"x":1.0056084394454957,"y":2.3199942111968996,"z":-2.8502748012542726},"rotation":{"x":0.1253851354122162,"y":-0.07313571125268936,"z":0.008706185035407544,"w":0.9895160794258118},"size":0.8660253882408142,"orthographic":false}