{"cameraMode":{"drawMode":0,"name":"Shaded","section":"Shading Mode"},"sceneLighting":false,"audioPlay":false,"sceneViewState":{"showFog":false,"showMaterialUpdate":false,"showSkybox":false,"showFlares":false,"showImageEffects":false,"showParticleSystems":false},"in2DMode":false,"pivot":{"x":-0.2750624418258667,"y":1.3882410526275635,"z":-0.2687493562698364},"rotation":{"x":-0.16312533617019654,"y":0.7368192076683044,"z":-0.19053895771503449,"w":-0.628052294254303},"size":0.8660253882408142,"orthographic":false}