{"cameraMode":{"drawMode":0,"name":"Shaded","section":"Shading Mode"},"sceneLighting":true,"audioPlay":false,"sceneViewState":{"showFog":false,"showMaterialUpdate":false,"showSkybox":false,"showFlares":false,"showImageEffects":false,"showParticleSystems":false},"in2DMode":false,"pivot":{"x":41.092063903808597,"y":26.944318771362306,"z":11.435821533203125},"rotation":{"x":-0.09224998950958252,"y":0.8240206241607666,"z":-0.13948969542980195,"w":-0.5415626168251038},"size":2.973492383956909,"orthographic":false}