{"cameraMode":{"drawMode":0,"name":"Shaded","section":"Shading Mode"},"sceneLighting":true,"audioPlay":false,"sceneViewState":{"showFog":false,"showMaterialUpdate":false,"showSkybox":false,"showFlares":false,"showImageEffects":false,"showParticleSystems":false},"in2DMode":false,"pivot":{"x":-7.004535675048828,"y":16.743553161621095,"z":-4.399024963378906},"rotation":{"x":0.4975781738758087,"y":0.26236793398857119,"z":-0.16171516478061677,"w":0.8110162019729614},"size":4.199544906616211,"orthographic":false}