{"cameraMode":{"drawMode":0,"name":"Shaded","section":"Shading Mode"},"sceneLighting":true,"audioPlay":false,"sceneViewState":{"showFog":false,"showMaterialUpdate":false,"showSkybox":false,"showFlares":false,"showImageEffects":false,"showParticleSystems":false},"in2DMode":false,"pivot":{"x":21.118818283081056,"y":8.670738220214844,"z":9.152335166931153},"rotation":{"x":0.10077305138111115,"y":-0.8028650879859924,"z":0.1408044993877411,"w":0.570721447467804},"size":2.973492383956909,"orthographic":false}