{"cameraMode":{"drawMode":0,"name":"Shaded","section":"Shading Mode"},"sceneLighting":true,"audioPlay":false,"sceneViewState":{"showFog":false,"showMaterialUpdate":false,"showSkybox":false,"showFlares":false,"showImageEffects":false,"showParticleSystems":false},"in2DMode":false,"pivot":{"x":-9.046629905700684,"y":18.149808883666993,"z":-1.6953011751174927},"rotation":{"x":0.3940199911594391,"y":0.014690161682665348,"z":-0.006979027763009071,"w":0.9191299676895142},"size":4.199544906616211,"orthographic":false}