{"cameraMode":{"drawMode":0,"name":"Shaded","section":"Shading Mode"},"sceneLighting":false,"audioPlay":false,"sceneViewState":{"showFog":false,"showMaterialUpdate":false,"showSkybox":false,"showFlares":false,"showImageEffects":false,"showParticleSystems":false},"in2DMode":false,"pivot":{"x":1.5605934858322144,"y":1.0405828952789307,"z":-10.76381778717041},"rotation":{"x":0.006465000566095114,"y":-0.7508713006973267,"z":0.006302273366600275,"w":0.6606124043464661},"size":0.8660253882408142,"orthographic":false}